{
	"description": "项目配置文件。",
	"setting": {
		"urlCheck": true,
		"es6": true,
		"postcss": true,
		"minified": true,
		"newFeature": true
	},
	"compileType": "miniprogram",
	"libVersion": "2.2.0",
	"appid": "wx1eb980e54a974113",
	"projectname": "%E5%A5%87%E9%81%87%E7%BD%91seo",
	"miniprogramRoot": "./",
	"condition": {
		"search": {
			"current": -1,
			"list": [
				{
					"name": "test",
					"pathName": "",
					"title": "",
					"cacheKey": ""
				}
			]
		},
		"conversation": {
			"current": 0,
			"list": [
				{
					"name": "test",
					"query": "",
					"boxQI": "",
					"service": {}
				}
			]
		},
		"miniprogram": {
			"current": -1,
			"list": [
				{
					"name": "test",
					"pathName": "COMPONENT/music",
					"query": "a=",
					"scene": 1044,
					"shareInfo": {},
					"referrerInfo": {}
				}
			]
		}
	}
}